251,catholicdos.org,9
1074,msscpaaccountant.com,1
681,integritytesting.net,4
744,stlouissurgical.com,4
866,carrelsandbaindental.com,2
707,wmiwc.com,2
887,loftusdental.com,1
664,sdtrustco.com,35
1070,aldersoninsurance.com,6
312,accgbp.com,2
179,teraverde.com,17
1080,cohnanddussi.com,13
855,danielgoededds.com,2
877,heinemanndental.com,1
876,tneyecare.com,1
959,mhcc-1.org,40
630,natmedtrans.com,2
850,dentalcomfortctr.com,3
110,mzlhomecare.com,5
693,gvortho.com,4
175,hwgcpas.com,6
370,cdsmonarch.org,48
599,jcglaw.com,3
99,vscnj.com,7
1005,clementwheatley.com,6
732,benefitsolutions.bz,2
821,visioncaredirect.com,14
262,thebankofwaynesboro.com,7
699,tottoriallergy.com,5
1002,biospine.com,44
384,typical-life.org,4
852,biermaendo.com,2
1050,securemail-strongport.com,1
1143,github.com,1
437,cfhnyc.org,32
514,cdswolffoundation.org,2
871,knutsonfamilydentistry.com,1
620,pattersonfirm.com,8
549,tsassociates.net,3
531,ayandentistry.com,1
828,clearchb.com,5
1040,zixc5.strongport.com,1
101,iwdcbenefits.com,5
836,goebelpediatricdentistry.com,2
939,youraaa.org,26
1114,cmccreditunion.org,16
486,northstarbankiowa.com,5
1133,ncg-net.com,4
847,dkortho.com,2
439,ppde.org,10
117,nrstpa.com,17
991,j-berd.com,18
709,firmrcm.com,35
745,drnagy.com,14
957,seniorcareinc.org,36
1162,kshear.com,3
405,berkschc.org,18
1057,foxcitiesinsurance.com,6
940,billdunbar.com,11
487,preferredtitle.biz,5
136,bracesbybrown.com,1
1110,semlerderm.com,1
910,rvpd.org,1
373,personalfinancialservices.net,4
831,rushmoredental.com,1
1171,in.constantcontact.com,4
883,pierredentists.com,3
449,midstatehealth.onmicrosoft.com,1
765,commonbondtitle.com,15
1154,thesimplan.com,12
155,search2close.com,21
950,primecareny.org,225
1115,virginiaprosthetics.com,19
587,benchmarkmi.com,3
605,mphci.com,6
717,mcsig.com,2
842,carpenterdental.net,1
1071,kdminvest.com,1
389,warriorsalute.com,3
961,piainvestments.com,1
1093,babcockconsultinggroup.com,8
702,alphalandscapeslv.com,1
205,chinocommercialbank.com,17
706,sunshinevpeds.com,10
1067,op4in.com,13
1103,firstexpressinsurance.com,2
447,partnersforemployment.com,2
114,mgroupusa.com,51
555,southcentralinc.com,6
838,sddental.org,3
805,heartlandtitlellc.com,2
1100,bayshirellc.com,6
156,firstfreedombank.com,41
833,greatnortherndental.com,2
1178,traveladvisor.com,1
951,mobankers.com,10
249,sbofgray.com,12
269,gefenseniorcare.com,15
135,bottomlinebenefits.org,5
534,markwhitedds.com,1
1065,local137.com,1
252,midstatehealth.org,22
523,asfl.org,1
537,oldnorthstatetrust.com,20
835,bridgecitydentistry.com,1
844,bhosc.com,14
1047,oncologycharlotte.com,8
839,mwnelsondds.com,1
834,manndentalclinic.com,1
882,milbankdentist.com,1
520,sahutnakcpa.com,3
559,iowaarthritis.com,8
742,lawvlf.com,1
1176,staroftexascu.org,8
471,irtlive.com,14
849,murdodental.com,1
1055,serenity-family.com,3
357,myparkdental.com,5
1125,limitedmedbenefits.com,1
958,nselder.org,70
1004,castinemovers.com,3
703,cornerstone-familypractice.com,2
761,olyneuro.com,1
947,medova.com,112
1021,metonic.net,13
66,hwcf.net,5
1066,macdonellchildren.org,3
160,peoplemanagement.com,1
861,riverviewdentalsf.com,1
1165,rlrobertson.com,5
1169,vip-mortgage.com,2
586,enduracareac.com,3
816,spinellidentistry.com,2
779,ucpboston.org,6
109,claimaid.com,28
1132,columbusmetro.org,18
914,americanrivierabank.com,57
76,dsagency.com,10
406,totalfocushr.com,5
738,seniormg.com,3
1129,mcnultyspine.com,4
817,adcrcsd.com,4
385,advancedveincenter.com,2
441,ne-arc.org,178
552,dermindy.com,5
778,pacificcoastmb.com,3
870,bierschbachdental.com,4
428,titlefact.com,13
450,theretirementcoach.com,5
715,view-cap.com,9
90,cbcfitzgerald.com,10
134,evero.com,16
848,daileydental.net,3
192,ansolutions.com,18
193,verittas.com,4
853,maherdentalclinic.com,2
734,jtitleco.com,6
167,steconsultants.com,32
995,sheridanroad.com,29
64,significabenefits.com,27
394,naplesperiodontist.com,2
387,yourcountybank.com,18
862,dhpsmiles.com,5
145,drwi.org,28
1109,wellendorfent.com,2
777,nwiom.com,4
458,evero.net,1
629,eden2.org,2
102,rossilaw.com,15
509,serenitypsych.ms,1
315,lawmemphis.com,3
463,nybeacongroup.com,16
71,eastpointe.net,202
533,boswellengineering.com,2
1175,gmail.mcsv.net,2
588,bknlaw.com,2
488,northstaragencyiowa.com,4
1014,vbaplans.com,35
1026,suburbangi.com,6
1158,pchhh.org,8
1182,summerlinderm.com,3
1153,dolv.org,6
830,familydentalcarerapidcity.com,1
580,columncapital.com,9
769,loeb-law.com,1
840,norddentistry.com,1
999,yourmedicalhome.com,2
1041,iffghomeloans.com,76
705,omnepartners.com,21
841,penntitle.com,19
1126,cambridgemortgagewi.com,4
337,firstbankne.com,17
992,mirrorshow.com,4
347,naplesdentist.com,2
886,palmquistdental.com,1
858,dakotafamilydentistry.org,1
459,matthewslawgrouppc.com,3
1164,eamedbill.com,9
190,agadm.com,6
274,ericsappenfield.com,3
473,cmgleasing.com,1
636,peaseinsurance.com,5
1140,seraphicsprings.com,1
854,midwestperiollc.com,4
819,neighborhooddentalcare.com,15
525,fcautism.org,2
888,yanktonfamilydentistry.com,1
208,kam-llc.com,5
678,cdslt.org,15
294,boglefunds.com,1
857,prairieridgeendo.com,6
83,mmiincorp.com,22
174,bankoflandisburg.com,21
1038,eipinvestments.com,9
474,nhcf.org,27
407,pricevisiongroup.net,19
153,arborbanking.com,30
257,mvhcares.org,1
631,oppdoctors.com,19
182,scioligroup.com,3
590,pegasustitle.com,4
579,mm-insurance.com,2
222,lynncompany.com,10
729,aufcu.org,1
123,tethyshealth.com,9
948,digitalinsyte.com,1
1039,bankfortress.com,50
583,americanvein.com,14
371,icirclecny.org,90
868,wilsonparkdental.com,3
990,vlklawfirm.com,8
891,mainlinesurgery.com,9
936,gsgfinancial.com,21
726,medicalbillingpro.com,1
1166,cjfcu.org,6
880,prairiesmiles.com,2
998,accordcorp.org,4
544,iacpa.org,7
575,healthfirstfamily.org,3
730,myentdocs.com,1
677,mortonslv.com,8
800,akchild.org,8
1097,meaningfulny.org,13
58,strongport.com,1
1113,premierhsllc.com,10
1180,longscopeconsulting.com,1
547,leismaninsurance.com,4
485,ohiovalleycu.org,4
578,enterprisetitle.net,27
977,jjbender.com,7
1123,cfretina.com,11
49,panosoft.com,5
572,trustednaplesdentist.com,1
860,rempeldental.com,1
360,marcoislanddental.com,1
515,cdslifetransitions.org,1
566,bssny.com,47
70,cccmer.org,13
760,madronadentalcare.com,2
199,ihm-cardinal.com,1
770,mdusi.com,5
906,dermatologypracticenc.com,3
829,hillcitydental.com,1
293,peaknp.com,4
60,monarchlife.com,26
782,alliancecancer.com,32
532,galleriadentistry.com,1
869,rushmoreobgyn.com,4
1131,corbanone.com,12
618,lawyersnh.com,1
975,cmeyecare.com,5
327,excelmicro.com,6
75,sapoznik.com,38
1053,beckerzowine.com,2
475,portjeffersonsmiles.com,1
536,highlinept.com,8
719,plateaupediatrics.com,3
124,1cb.com,32
1121,eoipa.com,7
301,insb.biz,4
510,gmsme.org,15
1179,neclinical.org,1
181,statisllc.com,90
1049,wiklerfp.com,3
593,mblanchardcpa.com,1
747,rcnnetworks.com,4
771,yelmfamilymedicine.com,1
1077,rs.email.nextdoor.com,1
1137,lvspineandbrain.com,21
259,mcmcinc.org,14
822,chamberlainfamilydentistry.com,1
573,dfpclaw.com,2
979,joetorre.org,9
994,freedomgrafix.com,1
1184,news.roomandboard.com,1
1186,e.starbucks.com,1
718,personalizedphysicians.com,1
731,bridgescss.com,10
864,pierredentalclinic.com,2
519,cdshousing.org,3
1187,eed-a.org,1
522,eastcoasttitle.com,3
846,drwiswall.com,1
673,sierraairconditioning.com,3
931,dw-law.com,8
254,mendelsonfirm.com,13
625,inspirien.net,6
201,firstchoicems.com,7
597,communitycrossroadsnh.org,30
797,benchmarkta.com,20
901,hrsi1.com,32
581,seldin.com,68
863,todaysfamilydentistrysd.com,2
388,clrcpas.com,4
818,vanlaeckenortho.com,13
884,konen.com,1
598,mcconnell-assoc.com,1
820,andersondentalfm.com,2
824,kiefferfamilydental.com,4
954,pediatriakids.com,34
1029,tinaharrisphysicaltherapy.com,1
221,barkley13.com,4
873,dsains.com,4
889,blackhillsadvocate.com,1
859,missouririverdentistry.com,1
576,jarrettsvillefederal.com,7
911,dentaldesignsmitchell.com,1
1183,em.efi.org,1
398,mpecu.com,19
154,tristans.com,19
584,breatheamerica.com,31
643,quickmedclaims.com,154
966,kanzabank.com,24
1127,dhlawoffice.com,3
1051,exercisabilitiespt.org,4
602,mulleniannarone.com,1
366,hermantownmn.com,29
440,kpnhealth.com,4
963,teamstersinsurance.com,2
1037,rfbnlaw.com,8
1168,nytimes.com,2
878,massadentaloffices.com,1
1122,fpcwaste.com,1
546,millenniumbank.com,7
592,proescrowinc.com,4
784,mdprosolutions.com,15
867,northernhillsdentist.com,3
1062,local108funds.com,7
448,spahousingli.org,1
736,nuecestitle.com,4
1177,kpnadvisors.com,12
1159,puddingstoneplace.com,10
278,mhanc.org,7
941,familyhealthcareofnwo.com,5
1034,stokeswilliams.com,1
1181,accounts.nintendo.com,2
345,erigoes.com,1
436,aie-naples.com,2
972,heartlandfertility.com,13
1030,usgomaha.com,4
420,siouxlandwomenshealth.com,8
1107,prunierlaw.com,1
490,heritagebankna.com,66
804,dsmcapitalortho.com,15
892,bracesbymeyer.com,1
926,naplespodiatrist.com,8
232,marcottelawfirm.com,1
692,brainandspineonline.com,6
172,silvercrest.org,39
63,chealthpartners.com,19
711,bankgoldeneagle.com,20
832,jrdentist.com,2
1160,manhattanphysiogroup.com,4
374,randallsegrest.com,11
535,allstatetitleagency.net,3
118,tsgfin.com,19
244,dhcg.com,9
130,employeeessentials.net,1
128,acds.org,54
300,simchesco.com,4
231,ultimatehealthmatters.com,1
353,lifesworc.org,122
256,noviellogroup.com,1
962,clg1.net,27
202,durbinco.com,6
616,beckinsurance.com,3
646,stjudesranch.org,11
865,kharouforthodontics.com,1
987,4cpri.com,3
266,dss1.net,1
1157,pdqstaffing.com,26
1185,email.venmo.com,1
